firstName,lastName,slotName,teamName
Nikola,Jokic,B,Denver Nuggets
Giannis,Antetokounmpo,W,Milwaukee Bucks
Luka,Doncic,G,Dallas Mavericks
Joel,Embiid,B,Philadelphia 76ers
Jayson,Tatum,W,Boston Celtics
Shai,Gilgeous-Alexander,G,Oklahoma City Thunder
Kevin,Durant,W,Phoenix Suns
Stephen,Curry,G,Golden State Warriors
Trae,Young,G,Atlanta Hawks
LaMelo,Ball,G,Charlotte Hornets
Tyrese,Haliburton,G,Indiana Pacers
Anthony,Edwards,G,Minnesota Timberwolves
Damian,Lillard,G,Portland Trail Blazers
Anthony,Davis,B,Los Angeles Lakers
James,Harden,G,Philadelphia 76ers
Domantas,Sabonis,B,Sacramento Kings
Devin,Booker,G,Phoenix Suns
LeBron,James,W,Los Angeles Lakers
Karl-Anthony,Towns,B,Minnesota Timberwolves
Jaylen,Brown,W,Boston Celtics
Donovan,Mitchell,G,Cleveland Cavaliers
Jaren,Jackson Jr.,B,Memphis Grizzlies
Pascal,Siakam,W,Toronto Raptors
Zion,Williamson,W,New Orleans Pelicans
Mikal,Bridges,W,Brooklyn Nets
De'Aaron,Fox,G,Sacramento Kings
Kawhi,Leonard,W,Los Angeles Clippers
Jamal,Murray,G,Denver Nuggets
Cade,Cunningham,G,Detroit Pistons
Bam,Adebayo,B,Miami Heat
Jimmy,Butler,W,Miami Heat
Paul,George,W,Los Angeles Clippers
Jalen,Brunson,G,New York Knicks
Victor,Wembanyama,B,San Antonio Spurs
Lauri,Markkanen,W,Utah Jazz
Kyrie,Irving,G,Dallas Mavericks
Brandon,Ingram,W,New Orleans Pelicans
DeMar,DeRozan,W,Chicago Bulls
Julius,Randle,W,New York Knicks
Dejounte,Murray,G,Atlanta Hawks
Evan,Mobley,B,Cleveland Cavaliers
Bradley,Beal,G,Phoenix Suns
Darius,Garland,G,Cleveland Cavaliers
Kristaps,Porzingis,B,Boston Celtics
Desmond,Bane,G,Memphis Grizzlies
Paolo,Banchero,W,Orlando Magic
Zach,LaVine,G,Chicago Bulls
Josh,Giddey,G,Oklahoma City Thunder
Fred,VanVleet,G,Houston Rockets
Nic,Claxton,B,Brooklyn Nets
Jrue,Holiday,G,Milwaukee Bucks
Nikola,Vucevic,B,Chicago Bulls
Jordan,Poole,G,Washington Wizards
CJ,McCollum,G,New Orleans Pelicans
Scottie,Barnes,W,Toronto Raptors
Ja,Morant,G,Memphis Grizzlies
Myles,Turner,B,Indiana Pacers
Deandre,Ayton,B,Phoenix Suns
Rudy,Gobert,B,Minnesota Timberwolves
Khris,Middleton,W,Milwaukee Bucks
Tyrese,Maxey,G,Philadelphia 76ers
Kyle,Kuzma,W,Washington Wizards
Jalen,Green,G,Houston Rockets
Alperen,Sengun,B,Houston Rockets
O.G.,Anunoby,W,Toronto Raptors
Scoot,Henderson,G,Portland Trail Blazers
Andrew,Wiggins,W,Golden State Warriors
Jarrett,Allen,B,Cleveland Cavaliers
Keldon,Johnson,W,San Antonio Spurs
Jalen,Williams,G,Oklahoma City Thunder
Walker,Kessler,B,Utah Jazz
Franz,Wagner,W,Orlando Magic
Klay,Thompson,G,Golden State Warriors
Brandon,Miller,W,Charlotte Hornets
Michael,Porter,W,Denver Nuggets
Tyler,Herro,G,Miami Heat
Jabari,Smith,W,Houston Rockets
Chet,Holmgren,B,Oklahoma City Thunder
Jonas,Valanciunas,B,New Orleans Pelicans
Keegan,Murray,W,Sacramento Kings
Jakob,Poeltl,B,Toronto Raptors
Jerami,Grant,W,Portland Trail Blazers
Devin,Vassell,G,San Antonio Spurs
Russell,Westbrook,G,Los Angeles Clippers
Chris,Paul,G,Golden State Warriors
Tobias,Harris,W,Philadelphia 76ers
Ausar,Thompson,W,Detroit Pistons
Buddy,Hield,G,Indiana Pacers
Clint,Capela,B,Atlanta Hawks
Amen,Thompson,G,Houston Rockets
Wendell,Carter Jr.,B,Orlando Magic
Draymond,Green,W,Golden State Warriors
Derrick,White,G,Boston Celtics
Anfernee,Simons,G,Portland Trail Blazers
Kevin,Porter Jr.,G,Houston Rockets
RJ,Barrett,W,New York Knicks
Marcus,Smart,G,Memphis Grizzlies
Austin,Reaves,G,Los Angeles Lakers
Jaden,Ivey,G,Detroit Pistons
Christian,Wood,B,
Spencer,Dinwiddie,G,Brooklyn Nets
D'Angelo,Russell,G,Los Angeles Lakers
Brook,Lopez,B,Milwaukee Bucks
Miles,Bridges,W,Charlotte Hornets
Jusuf,Nurkic,B,Portland Trail Blazers
John,Collins,W,Utah Jazz
Aaron,Gordon,W,Denver Nuggets
Cole,Anthony,G,Orlando Magic
P.J.,Washington,W,
Terry,Rozier,G,Charlotte Hornets
Jordan,Clarkson,G,Utah Jazz
Gordon,Hayward,W,Charlotte Hornets
Josh,Hart,W,New York Knicks
Mitchell,Robinson,B,New York Knicks
Collin,Sexton,G,Utah Jazz
Cam,Johnson,W,Brooklyn Nets
Malcolm,Brogdon,G,Boston Celtics
Bennedict,Mathurin,G,Indiana Pacers
Anthony,Black,G,Orlando Magic
Al,Horford,B,Boston Celtics
Gary,Trent Jr.,G,Toronto Raptors
Tre,Jones,G,San Antonio Spurs
Tyus,Jones,G,Washington Wizards
Ben,Simmons,G,Brooklyn Nets
Harrison,Barnes,W,Sacramento Kings
Shaedon,Sharpe,G,Portland Trail Blazers
Onyeka,Okongwu,B,Atlanta Hawks
James,Wiseman,B,Detroit Pistons
Brandon,Clarke,W,Memphis Grizzlies
Markelle,Fultz,G,Orlando Magic
De'Andre,Hunter,W,Atlanta Hawks
Kyle,Lowry,G,Miami Heat
Bobby,Portis,B,Milwaukee Bucks
Dillon,Brooks,G,Houston Rockets
Robert,Williams,B,Boston Celtics
Steven,Adams,B,Memphis Grizzlies
Bojan,Bogdanovic,W,Detroit Pistons
Ivica,Zubac,B,Los Angeles Clippers
Caris,LeVert,G,Cleveland Cavaliers
Jeremy,Sochan,W,San Antonio Spurs
Kelly,Oubre,W,
Mark,Williams,B,Charlotte Hornets
Kevon,Looney,B,Golden State Warriors
Bruce,Brown,W,Indiana Pacers
Herbert,Jones,W,New Orleans Pelicans
Jarred,Vanderbilt,W,Los Angeles Lakers
Lu,Dort,W,Oklahoma City Thunder
Jonathan,Kuminga,W,Golden State Warriors
Immanuel,Quickley,G,New York Knicks
Saddiq,Bey,W,Atlanta Hawks
Jalen,Duren,B,Detroit Pistons
Chris,Duarte,W,Sacramento Kings
Cam,Whitmore,W,Houston Rockets
Jalen,Suggs,G,Orlando Magic
Daniel,Gafford,B,Washington Wizards
Tari,Eason,W,Houston Rockets
Monte,Morris,G,Detroit Pistons
Deni,Avdija,W,Washington Wizards
Kevin,Huerter,G,Sacramento Kings
Mike,Conley,G,Minnesota Timberwolves
Jaden,McDaniels,W,Minnesota Timberwolves
Rui,Hachimura,W,Los Angeles Lakers
Isaiah,Stewart,B,Detroit Pistons
Patrick,Williams,W,Chicago Bulls
Trey,Murphy,W,New Orleans Pelicans
Jae'Sean,Tate,W,Houston Rockets
Jarace,Walker,W,Indiana Pacers
Bilal,Coulibaly,W,Washington Wizards
Norman,Powell,G,Los Angeles Clippers
Dorian,Finney-Smith,W,Brooklyn Nets
Bogdan,Bogdanovic,G,Atlanta Hawks
Davion,Mitchell,G,Sacramento Kings
Tim,Hardaway,G,Dallas Mavericks
Ayo,Dosunmu,G,
Kyle,Anderson,W,Minnesota Timberwolves
Kelly,Olynyk,B,Utah Jazz
Obi,Toppin,W,Indiana Pacers
Malik,Monk,G,Sacramento Kings
Caleb,Martin,W,Miami Heat
Talen,Horton-Tucker,G,Utah Jazz
Dennis,Schroder,G,Toronto Raptors
Isaiah,Hartenstein,B,New York Knicks
De'Anthony,Melton,G,Philadelphia 76ers
Kevin,Love,W,Miami Heat
Andre,Drummond,B,Chicago Bulls
Kentavious,Caldwell-Pope,G,Denver Nuggets
Taylor,Hendricks,W,Utah Jazz
Jonathan,Isaac,W,Orlando Magic
Max,Strus,W,Cleveland Cavaliers
Bol,Bol,W,Phoenix Suns
Seth,Curry,G,Dallas Mavericks
Grant,Williams,W,Dallas Mavericks
Mason,Plumlee,B,Los Angeles Clippers
Jalen,Johnson,W,Atlanta Hawks
Alex,Caruso,G,Chicago Bulls
Naz,Reid,B,Minnesota Timberwolves
Aleksej,Pokusevski,W,Oklahoma City Thunder
Jalen,Smith,W,Indiana Pacers
Keyonte,George,G,Utah Jazz
Isaiah,Jackson,B,Indiana Pacers
Patrick,Beverley,G,Philadelphia 76ers
Nikola,Jovic,W,Miami Heat
John,Wall,G,
Mo,Bamba,B,Philadelphia 76ers
Cam,Payne,G,San Antonio Spurs
Victor,Oladipo,G,Oklahoma City Thunder
Bones,Hyland,G,Los Angeles Clippers
Christian,Braun,G,Denver Nuggets
Precious,Achiuwa,B,Toronto Raptors
Zach,Collins,B,San Antonio Spurs
Ochai,Agbaji,G,Utah Jazz
Marvin,Bagley,W,Detroit Pistons
Jose,Alvarado,G,New Orleans Pelicans
Reggie,Jackson,G,Denver Nuggets
Devonte',Graham,G,San Antonio Spurs
Malik,Beasley,G,Milwaukee Bucks
Cam,Thomas,G,Brooklyn Nets
Killian,Hayes,G,Detroit Pistons
T.J.,Warren,W,
Jaylin,Williams,W,Oklahoma City Thunder
Chris,Boucher,B,Toronto Raptors
Donte,DiVincenzo,G,New York Knicks
Johnny,Davis,G,Washington Wizards
Jaden,Hardy,G,Dallas Mavericks
Yuta,Watanabe,W,Phoenix Suns
Emoni,Bates,W,Cleveland Cavaliers
Evan,Fournier,G,New York Knicks
Duncan,Robinson,W,Miami Heat
Aleksandar,Vezenkov,W,Sacramento Kings
Max,Christie,G,Los Angeles Lakers
Lonzo,Ball,G,Chicago Bulls
Richaun,Holmes,B,Dallas Mavericks
Day'Ron,Sharpe,B,Brooklyn Nets
Lonnie,Walker,G,Brooklyn Nets
Jalen,McDaniels,W,Toronto Raptors
Montrezl,Harrell,B,Philadelphia 76ers
Thomas,Bryant,B,Miami Heat
Payton,Pritchard,G,Boston Celtics
Cam,Reddish,W,Los Angeles Lakers
Santi,Aldama,W,Memphis Grizzlies
Cason,Wallace,G,Oklahoma City Thunder
Dyson,Daniels,G,New Orleans Pelicans
Royce,O'Neale,W,Brooklyn Nets
Eric,Gordon,G,Phoenix Suns
T.J.,McConnell,G,Indiana Pacers
Gary,Payton II,G,Golden State Warriors
Malaki,Branham,W,San Antonio Spurs
Gabe,Vincent,G,Los Angeles Lakers
Jevon,Carter,G,Chicago Bulls
Quentin,Grimes,G,New York Knicks
David,Roddy,W,Memphis Grizzlies
Toumani,Camara,W,Phoenix Suns
Kendrick,Nunn,G,Washington Wizards
Paul,Reed,B,Philadelphia 76ers
Tre,Mann,G,Oklahoma City Thunder
Xavier,Tillman,B,Memphis Grizzlies
Kobe,Brown,W,Los Angeles Clippers
Isaiah,Mobley,W,Cleveland Cavaliers
Vasilije,Micic,G,Oklahoma City Thunder
Ousmane,Dieng,W,Oklahoma City Thunder
MarJon,Beauchamp,W,Milwaukee Bucks
Dereck,Lively,B,Dallas Mavericks
Jeremiah,Robinson-Earl,W,Oklahoma City Thunder
Josh,Richardson,G,Miami Heat
Peyton,Watson,G,Denver Nuggets
Aaron,Nesmith,W,Indiana Pacers
AJ,Griffin,W,Atlanta Hawks
Jordan,Hawkins,G,New Orleans Pelicans
Cody,Martin,W,Charlotte Hornets
Derrick,Rose,G,Memphis Grizzlies
Corey,Kispert,W,Washington Wizards
Brandin,Podziemski,G,Golden State Warriors
Josh,Okogie,G,Phoenix Suns
Darius,Bazley,W,Brooklyn Nets
Andrew,Nembhard,G,Indiana Pacers
Olivier-Maxence,Prosper,W,Dallas Mavericks
Will,Barton,G,
Robert,Covington,W,Los Angeles Clippers
JaVale,McGee,B,Dallas Mavericks
Oshae,Brissett,W,Boston Celtics
Joe,Harris,G,Detroit Pistons
Josh,Christopher,G,Memphis Grizzlies
Matisse,Thybulle,G,Portland Trail Blazers
Josh,Primo,G,
P.J.,Tucker,W,Philadelphia 76ers
Nassir,Little,W,Portland Trail Blazers
Coby,White,G,Chicago Bulls
Jordan,McLaughlin,G,Minnesota Timberwolves
Nickeil,Alexander-Walker,G,Minnesota Timberwolves
Marcus,Morris,W,Los Angeles Clippers
Ziaire,Williams,W,Memphis Grizzlies
Moses,Moody,G,Golden State Warriors
Larry,Nance Jr.,W,New Orleans Pelicans
Jaylen,Nowell,G,
Rudy,Gay,W,Oklahoma City Thunder
Patty,Mills,G,Atlanta Hawks
DeAndre,Jordan,B,Denver Nuggets
Jordan,Nwora,W,Indiana Pacers
Ricky,Rubio,G,Cleveland Cavaliers
Jae,Crowder,W,Milwaukee Bucks
Jaylen,Hoard,W,
Pat,Connaughton,G,Milwaukee Bucks
Maxi,Kleber,W,Dallas Mavericks
TyTy,Washington,G,Oklahoma City Thunder
Bryn,Forbes,G,
Kenyon,Martin,W,Los Angeles Clippers
James,Bouknight,G,Charlotte Hornets
Luke,Kennard,G,Memphis Grizzlies
Kemba,Walker,G,
Cedi,Osman,W,San Antonio Spurs
Ish,Smith,G,
Reggie,Bullock,W,San Antonio Spurs
Danny,Green,G,
Terance,Mann,G,Los Angeles Clippers
Grayson,Allen,G,Milwaukee Bucks
Noah,Vonleh,W,
John,Konchar,G,Memphis Grizzlies
Gary,Harris,G,Orlando Magic
Damian,Jones,B,Cleveland Cavaliers
Marko,Simonovic,B,
Doug,McDermott,W,San Antonio Spurs
Terry,Taylor,W,
Joe,Ingles,W,Orlando Magic
Hamidou,Diallo,G,
Bruno,Fernando,B,Atlanta Hawks
Isaac,Okoro,W,Cleveland Cavaliers
Thanasis,Antetokounmpo,W,
Frank,Ntilikina,G,
Derrick,Jones Jr.,W,
Blake,Griffin,W,Boston Celtics
Javonte,Green,G,
Alec,Burks,G,Detroit Pistons
Danilo,Gallinari,W,Washington Wizards
Vit,Krejci,G,Atlanta Hawks
Tyrese,Martin,G,Atlanta Hawks
Garrison,Mathews,G,Atlanta Hawks
RaiQuan,Gray,W,Brooklyn Nets
Edmond,Sumner,G,Brooklyn Nets
Luke,Kornet,B,Boston Celtics
Sam,Hauser,W,Boston Celtics
Justin,Champagnie,W,Boston Celtics
Kai,Jones,B,Charlotte Hornets
Nick,Richards,B,Charlotte Hornets
JT,Thor,W,Charlotte Hornets
Kobi,Simmons,G,Charlotte Hornets
Bryce,McGowens,G,Charlotte Hornets
Justin,Lewis,W,Chicago Bulls
Carlik,Jones,G,Chicago Bulls
Dalen,Terry,G,Chicago Bulls
Dean,Wade,W,Cleveland Cavaliers
Sam,Merrill,G,Cleveland Cavaliers
Josh,Green,G,Dallas Mavericks
A.J.,Lawson,G,Dallas Mavericks
Vlatko,Cancar,W,Denver Nuggets
Zeke,Nnaji,B,Denver Nuggets
Isaiah,Livers,W,Detroit Pistons
Eugene,Omoruyi,W,Washington Wizards
Usman,Garuba,W,Oklahoma City Thunder
Daishen,Nix,G,
Daniel,Theis,B,Indiana Pacers
Jason,Preston,G,Los Angeles Clippers
Nicolas,Batum,W,Los Angeles Clippers
Brandon,Boston Jr.,G,Los Angeles Clippers
Amir,Coffey,G,Los Angeles Clippers
Cole,Swider,W,Los Angeles Lakers
Shaquille,Harrison,G,
Jake,LaRavia,W,Memphis Grizzlies
Kenneth,Lofton,W,Memphis Grizzlies
Vince,Williams,G,Memphis Grizzlies
Haywood,Highsmith,W,Miami Heat
Lindell,Wigginton,G,Milwaukee Bucks
Nathan,Knight,W,Minnesota Timberwolves
Josh,Minott,W,Minnesota Timberwolves
Wendell,Moore,G,Minnesota Timberwolves
Willy,Hernangomez,B,New Orleans Pelicans
E.J.,Liddell,W,New Orleans Pelicans
Kira,Lewis,G,New Orleans Pelicans
Naji,Marshall,W,New Orleans Pelicans
Dereon,Seabron,G,New Orleans Pelicans
Garrett,Temple,G,
Jericho,Sims,B,New York Knicks
Isaiah,Roby,W,New York Knicks
Miles,McBride,G,New York Knicks
DaQuan,Jeffries,G,New York Knicks
Davis,Bertans,W,Oklahoma City Thunder
Kenrich,Williams,W,Oklahoma City Thunder
Isaiah,Joe,G,Oklahoma City Thunder
Lindy,Waters,G,Oklahoma City Thunder
Aaron,Wiggins,G,Oklahoma City Thunder
Goga,Bitadze,B,Orlando Magic
Chuma,Okeke,W,Orlando Magic
Admiral,Schofield,W,Orlando Magic
Michael,Carter-Williams,G,Orlando Magic
Caleb,Houstan,W,Orlando Magic
Kevon,Harris,G,Orlando Magic
Jaden,Springer,G,Philadelphia 76ers
Danuel,House,W,Philadelphia 76ers
Furkan,Korkmaz,G,Philadelphia 76ers
Isaiah,Todd,W,Memphis Grizzlies
Jordan,Goodwin,G,Phoenix Suns
Ish,Wainright,W,Phoenix Suns
Trendon,Watford,W,
Kevin,Knox,W,Portland Trail Blazers
Jabari,Walker,W,Portland Trail Blazers
Keon,Johnson,G,Portland Trail Blazers
Skylar,Mays,G,
Kessler,Edwards,W,Sacramento Kings
PJ,Dozier,G,
Charles,Bassey,B,San Antonio Spurs
Khem,Birch,B,San Antonio Spurs
Blake,Wesley,G,San Antonio Spurs
Christian,Koloko,B,Toronto Raptors
Thaddeus,Young,W,Toronto Raptors
Malachi,Flynn,G,Toronto Raptors
Otto,Porter,W,Toronto Raptors
Joe,Wieskamp,W,
Vernon,Carey,B,
Micah,Potter,B,Utah Jazz
Luka,Samanic,W,Utah Jazz
Kris,Dunn,G,Utah Jazz
Mike,Muscala,B,Washington Wizards
Anthony,Gill,W,Washington Wizards
Ryan,Rollins,G,Washington Wizards
Delon,Wright,G,Washington Wizards
Patrick,Baldwin,W,Washington Wizards
Landry,Shamet,G,Washington Wizards
Ike,Anigbogu,B,
Udoka,Azubuike,B,
James,Banks,B,
Aron,Baynes,B,
Jordan,Bell,B,
Bismack,Biyombo,B,
Marques,Bolden,B,
Tony,Bradley,B,
Amida,Brimah,B,
Willie,Cauley-Stein,B,
Moses,Brown,B,
Tyson,Chandler,B,
DeMarcus,Cousins,B,
Derek,Culver,B,
Dewayne,Dedmon,B,Philadelphia 76ers
Javin,DeLaurier,B,
Cheick,Diallo,B,
Gorgui,Dieng,B,
Khalifa,Diop,B,
Jaime,Echenique,B,
Drew,Eubanks,B,Phoenix Suns
Tacko,Fall,B,
Derrick,Favors,B,
Cristiano,Felicio,B,
Enes,Freedom,B,
Luka,Garza,B,Minnesota Timberwolves
Marc,Gasol,B,
Harry,Giles,B,
Romaro,Gill,B,
Johnny,Hamilton,B,
Jaxson,Hayes,B,Los Angeles Lakers
Dewan,Hernandez,B,
Aric,Holman,B,
Dwight,Howard,B,
Jay,Huff,B,Denver Nuggets
Ismael,Kamagate,B,
Frank,Kaminsky,B,
Balsa,Koprivica,B,
Jock,Landale,B,Houston Rockets
Alex,Len,B,Sacramento Kings
Meyers,Leonard,B,
Robin,Lopez,B,Milwaukee Bucks
Will,Magnay,B,
Ian,Mahinmi,B,
Thon,Maker,B,
Sandro,Mamukelashvili,B,San Antonio Spurs
Boban,Marjanovic,B,
Chimezie,Metu,B,Phoenix Suns
Greg,Monroe,B,
Joakim,Noah,B,
Nerlens,Noel,B,Sacramento Kings
Yannick,Nzosa,B,
Jahlil,Okafor,B,
Kyle,O'Quinn,B,
Daniel,Oturu,B,
Anzejs,Pasecniks,B,
Justin,Patton,B,
Norvel,Pelle,B,
Filip,Petrusev,B,Philadelphia 76ers
Vincent,Poirier,B,
Dwight,Powell,B,Dallas Mavericks
Neemias,Queta,B,
Orlando,Robinson,B,Miami Heat
Olivier,Sarr,B,
Jon,Teske,B,
Killian,Tillie,B,
Jeremiah,Tilmon,B,
Anderson,Varejao,B,
Moe,Wagner,B,Orlando Magic
Hassan,Whiteside,B,
Omer,Yurtseven,B,Utah Jazz
Cody,Zeller,B,New Orleans Pelicans
Tyler,Zeller,B,
Ante,Zizic,B,
Lamine,Diane,W,
Damien,Jefferson,W,
Theo,John,W,
Karlo,Matkovic,W,
Gui,Santos,W,
Dwayne,Sutton,W,
Jahlil,Tripp,W,
Hugo,Besson,G,
Michael,Devoe,G,
L.J.,Figueroa,G,
Bryce,Hamilton,G,
Iverson,Molinar,G,
Gabriele,Procida,G,
Matteo,Spagnolo,G,
Luke,Travers,G,
LaMarcus,Aldridge,W,
Kyle,Alexander,W,
Ryan,Anderson,W,
Kostas,Antetokounmpo,W,
Giorgi,Bezhanishvili,W,
Nemanja,Bjelica,W,
Tarik,Black,B,
Bennie,Boatwright,W,
Jarrell,Brantley,W,
Greg,Brown,W,
Devontae,Cacok,W,
Marquese,Chriss,W,
Tyler,Cook,W,
Petr,Cornelie,W,
Ed,Davis,W,
Gabriel,Deck,W,
Sam,Dekker,W,
Moussa,Diabate,W,Los Angeles Clippers
Mamadi,Diakite,W,
Sekou,Doumbouya,W,
Jared,Dudley,W,
Paul,Eboua,W,
Henry,Ellenson,W,
Malik,Fitts,W,
Michael,Foster,W,
Wenyen,Gabriel,W,
Taj,Gibson,B,Washington Wizards
Freddie,Gillespie,W,
JaMychal,Green,W,
Jeff,Green,W,Houston Rockets
Donta,Hall,W,
Udonis,Haslem,W,
John,Henson,W,
Juancho,Hernangomez,W,
Kevin,Hervey,W,
Mario,Hezonja,W,
Matthew,Hurt,W,
Amile,Jefferson,W,
Serge,Ibaka,W,
Ersan,Ilyasova,W,
Alize,Johnson,W,
James,Johnson,W,
Mfiondu,Kabengele,W,Boston Celtics
Skal,Labissiere,W,
Nicolo,Melli,W,
Trey,Lyles,W,Sacramento Kings
Luc,Mbah a Moute,W,
T.J.,Leaf,W,
Paul,Millsap,W,
EJ,Montgomery,W,
Juwan,Morgan,W,
Johnathan,Motley,W,
Markieff,Morris,W,
Trey,Mourning,W,
Georges,Niang,W,Cleveland Cavaliers
Semi,Ojeleye,W,
Johnny,O'Bryant,W,
KZ,Okpala,W,
Cameron,Oliver,W,
Tariq,Owens,W,
Jabari,Parker,W,
EJ,Onu,W,
Shareef,O'Neal,W,
Eric,Paschall,W,
Patrick,Patterson,W,
Reggie,Perry,W,
Jontay,Porter,W,
Taurean,Prince,W,Los Angeles Lakers
Mike,Scott,W,
Dario,Saric,W,Golden State Warriors
Tre,Scott,W,
Thabo,Sefolosha,W,
Simi,Shittu,W,
Chris,Silva,W,
Aamir,Simms,W,
Alen,Smailagic,W,
Ray,Spalding,W,
Chris,Smith,W,
Omari,Spellman,W,
Lamar,Stevens,W,
Emanuel,Terry,W,
Anthony,Tolliver,W,
Tristan,Thompson,W,
Kaleb,Wesson,W,
Greg,Whittington,W,
Johnathan,Williams,W,
Moses,Wright,W,
D.J.,Wilson,W,
Kenny,Wooten,W,
Jaylen,Adams,G,
Ryan,Arcidiacono,G,
D.J.,Augustin,G,
Dalano,Banton,G,Boston Celtics
Buddy,Boeheim,G,
Jordan,Bone,G,
J.J.,Barea,G,
Anthony,Barber,G,
Eric,Bledsoe,G,
Jamaree,Bouyea,G,Miami Heat
Ky,Bowman,G,
Armoni,Brooks,G,
Shaq,Buchanan,G,
Trey,Burke,G,
Jordan,Burns,G,
Facundo,Campazzo,G,
Devin,Cannady,G,
Ahmad,Caver,G,
Mario,Chalmers,G,
Kennedy,Chandler,G,
Tony,Carr,G,
Joe,Chealey,G,
Darren,Collison,G,
Matt,Coleman,G,
Chris,Chiozza,G,
Quinn,Cook,G,
Sharife,Cooper,G,
Jalen,Crutcher,G,
Devon,Dotson,G,
Matthew,Dellavedova,G,
JD,Davison,G,Boston Celtics
Jeff,Dowtin,G,
Goran,Dragic,G,
Tyson,Etienne,G,
Dante,Exum,G,Dallas Mavericks
Yogi,Ferrell,G,
Collin,Gillespie,G,Denver Nuggets
Jordan,Ford,G,
Brandon,Goodwin,G,
Trent,Forrest,G,
Tim,Frazier,G,
Hassani,Gravett,G,
Josh,Gray,G,
R.J.,Hampton,G,
Ashton,Hagans,G,
Jared,Harper,G,
George,Hill,G,
Trevor,Hudgins,G,Houston Rockets
Frank,Jackson,G,
Aaron,Holiday,G,Houston Rockets
Mike,James,G,
David,Johnson,G,
Rokas,Jokubaitis,G,
Tyler,Johnson,G,
Cory,Joseph,G,Golden State Warriors
Brandon,Knight,G,
Saben,Lee,G,Phoenix Suns
Jeremy,Lin,G,
Yam,Madar,G,
Theo,Maledon,G,
Karim,Mane,G,
Frank,Mason,G,
Jeremiah,Martin,G,
Nico,Mannion,G,
JaQuori,McLaughlin,G,
Emmanuel,Mudiay,G,
Mychal,Mulder,G,
Shabazz,Napier,G,
Raul,Neto,G,
Elie,Okobo,G,
Elfrid,Payton,G,
Jaysean,Paige,G,
Scotty,Pippen,G,
Chasson,Randle,G,
Trevelin,Queen,G,
Grant,Riller,G,
Justin,Robinson,G,
Rajon,Rondo,G,
Devontae,Shuler,G,
Zavier,Simpson,G,
Javonte,Smart,G,
Dennis,Smith Jr.,G,Brooklyn Nets
Keifer,Sykes,G,
Jeff,Teague,G,
David,Stockton,G,
Tyrell,Terry,G,
Isaiah,Thomas,G,
Luca,Vildoza,G,
Breein,Tyree,G,
Allonzo,Trier,G,
Derrick,Walton,G,
Brad,Wanamaker,G,
Tremont,Waters,G,
Brandon,Williams,G,
Cassius,Winston,G,
Nigel,Williams-Goss,G,
McKinley,Wright,G,
Marcus,Zegarowski,G,
Justin,Wright-Foreman,G,
Derrick,Alston,W,
Al-Farouq,Aminu,W,
Justin,Anderson,W,
Carmelo,Anthony,W,
Dominick,Barlow,W,
Trevor,Ariza,W,
Paris,Bass,W,
Keita,Bates-Diop,W,Phoenix Suns
Troy,Baxter,W,
Michael,Beasley,W,
Tyler,Bey,W,
DeAndre',Bembry,W,
Brian,Bowen,W,
Ignas,Brazdeikis,W,
Troy,Brown,W,Minnesota Timberwolves
DeMarre,Carroll,W,
Bruno,Caboclo,W,
Yoeli,Childs,W,
Zylan,Cheatham,W,
Julian,Champagnie,W,San Antonio Spurs
Wilson,Chandler,W,
Gary,Clark,W,
CJ,Elleby,W,
Torrey,Craig,W,Chicago Bulls
James,Ennis,W,
Robert,Franks,W,
Aleem,Ford,W,
Kaiser,Gates,W,
Josh,Hall,W,
Rayshaun,Hammonds,W,
Maurice,Harkless,W,
Aaron,Henry,W,
Malcolm,Hill,W,
Ron,Harper,W,
Solomon,Hill,W,
Rondae,Hollis-Jefferson,W,
Daulton,Hommes,W,
William,Howard,W,
Chandler,Hutchison,W,
Feron,Hunt,W,
Andre,Iguodala,W,
Josh,Jackson,W,
Justin,Jackson,W,
Justin,James,W,
B.J.,Johnson,W,
Stanley,Johnson,W,
Jemerrio,Jones,W,
Michael,Kidd-Gilchrist,W,
Braxton,Key,W,Denver Nuggets
Georgios,Kalaitzakis,W,
Louis,King,W,Philadelphia 76ers
George,King,W,
Arnoldas,Kulboka,W,
Rodions,Kurucs,W,
Kyle,Korver,W,
Anthony,Lamb,W,
Vic,Law,W,
Timothe,Luwawu-Cabarrot,W,
Jake,Layman,W,
Kelan,Martin,W,
Sean,McDermott,W,
Cameron,McGriff,W,
Alfonzo,McKinnie,W,
C.J.,Miles,W,
Darius,Miller,W,
Dzanan,Musa,W,
Abdel,Nader,W,
Svi,Mykhailiuk,W,
James,Nunnally,W,
David,Nwaba,W,
Devonte,Patterson,W,
Jamorko,Pickett,W,
Sir'Dominic,Pointer,W,
Yves,Pons,W,
Nate,Renfro,W,
Glenn,Robinson,W,
Matt,Ryan,W,
JaKarr,Sampson,W,
Nate,Sestina,W,
Jordan,Schakel,W,
Xavier,Sneed,W,
Lance,Stephenson,W,
Lance,Thomas,W,
Justin,Tillman,W,
Tres,Tinkle,W,
Juan,Toscano-Anderson,W,
Jarrod,Uthoff,W,
Dylan,Windler,W,
James,Young,G,
Kellan,Grady,G,
Markquis,Nowell,G,Toronto Raptors
Seth,Lundy,W,Atlanta Hawks
Austin,Rivers,G,
Nate,Hinton,G,
Jermaine,Samuels,W,
Caleb,Swanigan,W,
Kyle,Guy,G,
Drew,Timme,W,Milwaukee Bucks
Jarrett,Culver,G,
Jalen,Hood-Schifino,G,Los Angeles Lakers
Jalen,Lecque,G,
Mouhamadou,Gueye,W,Atlanta Hawks
Ryan,Broekhoff,G,
DJ,Steward,G,
Damion,Lee,G,Phoenix Suns
Matt,Thomas,G,
Jarron,Cumberland,G,
Quenton,Jackson,G,Washington Wizards
Alondes,Williams,G,
Zhaire,Smith,G,
Tarik,Biberovic,W,Memphis Grizzlies
Jordan,Hall,G,
Adonis,Arms,W,
Elijah,Hughes,G,
Keon,Ellis,G,Sacramento Kings
Terence,Davis,G,
Eli,Brooks,G,
Tony,Snell,G,
Oscar,Tshiebwe,W,Indiana Pacers
Chris,Clemons,G,
Tyler,Dorsey,G,
Darius,Days,W,Houston Rockets
Christian,Vital,G,
Rob,Edwards,G,
Sacha,Killeya-Jones,B,
Nick,Smith,G,Charlotte Hornets
Michael,Frazier,G,
Axel,Toupane,G,
Simone,Fontecchio,W,Utah Jazz
Isaiah,Miller,G,
Jared,Butler,G,
Okaro,White,W,
Pat,Spencer,G,
Kevin,Pangos,G,
Jaylen,Clark,G,Minnesota Timberwolves
Andrew,White,W,
Alex,O'Connell,G,
Fabian,White,W,
Corey,Brewer,G,
Nuni,Omot,W,
Patrick,McCaw,G,
Jack,White,W,Oklahoma City Thunder
Aminu,Mohammed,G,
Jay,Scrubb,G,
Jerome,Robinson,G,
Jaden,Shackelford,G,
Malik,Ellison,G,
LiAngelo,Ball,G,
Azuolas,Tubelis,W,Philadelphia 76ers
Tevin,Brown,G,
Eric,Demers,G,
Malcolm,Miller,G,
Tommy,Kuhse,G,
Gerald,Green,G,
Dru,Smith,G,Miami Heat
Amari,Bailey,G,Charlotte Hornets
Chandler,Vaudrin,G,
Justinian,Jessup,G,
Omari,Moore,G,Milwaukee Bucks
Stanley,Umude,G,
Ty-Shon,Alexander,G,
Scotty,Hopson,G,
Iman,Shumpert,G,
Lucas,Williamson,G,
Marlon,Taylor,G,
Reggie,Kissoonlal,W,
Jalen,Harris,G,
Jacob,Toppin,W,New York Knicks
Kyler,Edwards,G,
Jalen,Wilson,W,Brooklyn Nets
Pierria,Henry,G,
Terquavion,Smith,G,Philadelphia 76ers
Ricky,Council,G,Philadelphia 76ers
Naz,Mitrou-Long,G,
Jett,Howard,W,Orlando Magic
JR,Smith,G,
Jeremy,Lamb,G,
Abdul,Gaddy,G,
Sindarius,Thornwell,G,
Evan,Turner,G,
Iffe,Lundberg,G,
Justin,Holiday,G,Denver Nuggets
Kent,Bazemore,G,
Ethan,Thompson,G,
Gregory,Jackson,W,Memphis Grizzlies
Courtney,Lee,G,
Trevor,Keels,G,New York Knicks
Deividas,Sirvydis,G,
Adama,Sanogo,W,Chicago Bulls
Tomas,Satoransky,G,
Mason,Jones,G,
Langston,Galloway,G,
Ben,McLemore,G,
Tyler,Hall,G,
Gabe,Brown,W,
Melvin,Frazier,G,
Romeo,Langford,G,
Carsen,Edwards,G,
Khyri,Thomas,G,
Charles,Matthews,G,
Jordan,Bowden,G,
Izaiah,Brockington,G,
Mitch,Ballock,G,
Jalen,Pickett,G,Denver Nuggets
Avery,Bradley,G,
Tristan,Vukcevic,B,Washington Wizards
Jaylen,Morris,G,
Miye,Oni,G,
Quinndary,Weatherspoon,G,
Marcus,Foster,G,
Jerian,Grant,G,
Sterling,Brown,G,
Jules,Bernard,G,
Kobe,Bufkin,G,Atlanta Hawks
David,Duke,G,Brooklyn Nets
Romeo,Weems,W,
Drake,Jeffries,G,
Chima,Moneke,W,
Keandre,Cook,G,
Anthony,Tarke,G,
Rodney,Hood,G,
Leonard,Miller,W,
Adam,Mokoka,G,
RJ,Nembhard,G,
Jordan,Miller,W,Los Angeles Clippers
Keljin,Blevins,G,
Trevion,Williams,W,
Colby,Jones,G,Sacramento Kings
Charlie,Brown,G,
Wayne,Selden,G,
Marial,Shayok,G,
Troy,Daniels,G,
Dakota,Mathias,G,
Garrison,Brooks,W,
Hunter,Tyson,W,Denver Nuggets
Cameron,Reynolds,G,
Marco,Belinelli,G,
Kendall,Brown,G,
Mike,Miles,G,Dallas Mavericks
DeJon,Jarreau,G,
Allen,Crabbe,G,
Jacob,Evans,G,
Noah,Clowney,B,Brooklyn Nets
Isaiah,Wong,G,Indiana Pacers
Rayan,Rupert,G,Portland Trail Blazers
Gradey,Dick,W,Toronto Raptors
Matt,Lewis,G,
Darryl,Morsell,G,
Matt,Mooney,G,
A.J.,Reeves,G,
Wesley,Matthews,G,
Damyean,Dotson,G,
Lester,Quinones,G,
Ibou,Badji,B,Portland Trail Blazers
Craig,Sword,G,
Stephen,Zimmerman,B,
Julian,Strawther,W,Denver Nuggets
Donovan,Williams,G,
Kris,Murray,W,Portland Trail Blazers
Terrance,Ferguson,G,
Brandon,Rachal,G,
Andre,Jackson,G,Milwaukee Bucks
Makur,Maker,B,
Jake,Toolson,G,
Levi,Randolph,G,
Nik,Stauskas,G,
A.J.,Green,G,Milwaukee Bucks
Duane,Washington,G,New York Knicks
Jared,Cunningham,G,
D.J.,Stewart,G,
Isaiah,Whaley,W,
Lou,Williams,G,
Jeenathan,Williams,G,Portland Trail Blazers
Myles,Powell,G,
Caleb,Daniels,G,Miami Heat
Jalen,Slawson,W,Sacramento Kings
Scoot,Henderson,G,
Caleb,Homesley,G,
DJ,Carton,G,
Elijah,Bryant,G,
Brice,Sensabaugh,W,Utah Jazz
Dusty,Hannahs,G,
Ben,Sheppard,G,Indiana Pacers
Gabe,York,G,
Johnny,Juzang,G,
Davon,Reed,G,
Jalen,Adaway,G,
Trayvon,Palmer,G,
Shake,Milton,G,Minnesota Timberwolves
Nate,Darling,G,
Sheldon,Mac,G,
Awudu,Abass,W,
Jamal,Cain,W,Miami Heat
Sidy,Cissoko,W,San Antonio Spurs
Ade,Murkey,G,
Justin,Bean,W,
Marcus,Garrett,G,
Rayjon,Tucker,G,
Wes,Iwundu,G,
JJ,Redick,G,
Javon,Freeman-Liberty,G,
Leonard,Miller,W,Minnesota Timberwolves
Cassius,Stanley,G,
Ty,Jerome,G,Cleveland Cavaliers
Grant,Golden,W,
Scottie,Lewis,G,
James,Nnaji,B,Charlotte Hornets
Mojave,King,G,Indiana Pacers
Tyrone,Wallace,G,
Treveon,Graham,G,
Justin,Minaya,W,Portland Trail Blazers
Deonte,Burton,G,
Xavier,Moon,G,
Javante,McCoy,G,
Chance,Comanche,B,Portland Trail Blazers
Sidy,Cissoko,G,
Joel,Ayayi,G,
Justise,Winslow,W,
Rawle,Alkins,G,
Zach,Norvell,G,
Nate,Pierre-Louis,W,
Jared,Rhoden,G,Detroit Pistons
Bryson,Williams,W,
Anthony,Duruji,W,
John,Petty,G,
Ibi,Watson,G,
Marko,Guduric,G,
Keyontae,Johnson,W,Oklahoma City Thunder
Antonius,Cleveland,G,
Kahlil,Whitney,W,
Didi,Louzada,G,
Terrence,Ross,G,
Mojave,King,G,
Noah,Kirkwood,G,
Bryce,Brown,G,
Sir'Jabari,Rice,G,San Antonio Spurs
Markus,Howard,G,
Brodric,Thomas,G,
Isaac,Bonga,G,
Andre,Roberson,G,
Theo,Pinson,G,
Jordan,McRae,G,
Julian,Phillips,W,Chicago Bulls
Chaundee,Brown,G,
Denzel,Valentine,G,
Dwayne,Bacon,G,
MaCio,Teague,G,
Dion,Waiters,G,
Jaime,Jaquez,W,Miami Heat
Josh,Reaves,G,
Joey,Hauser,W,Utah Jazz
John,Butler,B,Portland Trail Blazers
Jahmi'us,Ramsey,G,
Joe,Johnson,G,
Robert,Woodard,W,
Denzel,Mahoney,G,
Davion,Mintz,G,
Mouhamed,Gueye,W,Atlanta Hawks
Keaton,Wallace,G,
Xavier,Cooks,W,Washington Wizards
Jeriah,Horne,W,
Maxwell,Lewis,W,Los Angeles Lakers
Jamal,Crawford,G,
Wayne,Ellington,G,
Jordan,Walsh,W,Boston Celtics
Dariq,Whitehead,W,Brooklyn Nets
Chris,Livingston,W,Milwaukee Bucks
M.J.,Walker,G,
Devon,Hall,G,
Rodney,McGruder,G,
Malik,Newman,G,
Trevon,Bluiett,G,
Jaylen,Sims,G,
Trayce,Jackson-Davis,W,Golden State Warriors
Juhann,Begarin,G,
Jaylen,Martin,W,New York Knicks
Mac,McClung,G,Philadelphia 76ers
Jacob,Gilyard,G,Memphis Grizzlies
E'Twaun,Moore,G,
Leandro,Bolmaro,G,
Paul,Watson,W,
Marcus,Sasser,G,Detroit Pistons
Daeqwon,Plowden,G,
Marcus,Bingham,W,